{
    "normals": [-0.577349,-0.577349,0.577349,0.577349,-0.577349,0.577349,0.577349,0.577349,0.577349,-0.577349,0.577349,0.577349,0.577349,0.577349,-0.577349,-0.577349,0.577349,-0.577349,0.577349,-0.577349,-0.577349,-0.577349,-0.577349,-0.577349],
    "uvs": [[0.375,0,0.625,0,0.625,0.25,0.375,0.25,0.625,0.5,0.375,0.5,0.625,0.75,0.375,0.75,0.625,1,0.375,1,0.875,0,0.875,0.25,0.125,0,0.125,0.25]],
    "metadata": {
        "version": 3,
        "normals": 8,
        "uvs": 1,
        "type": "Geometry",
        "vertices": 8,
        "faces": 6,
        "generator": "io_three"
    },
    "vertices": [-0.198232,0.002911,0.039702,0.190628,0.002911,0.039702,-0.198232,0.01111,0.039702,0.190628,0.01111,0.039702,-0.198232,0.01111,0.025043,0.190628,0.01111,0.025043,-0.198232,0.002911,0.025043,0.190628,0.002911,0.025043],
    "name": "Untitled.002Geometry",
    "faces": [41,0,1,3,2,0,1,2,3,0,1,2,3,41,2,3,5,4,3,2,4,5,3,2,4,5,41,4,5,7,6,5,4,6,7,5,4,6,7,41,1,0,6,7,8,9,7,6,1,0,7,6,41,1,7,5,3,1,10,11,2,1,6,4,2,41,6,0,2,4,12,0,3,13,7,0,3,5]
}